scour_m,z_m,spring_type,k_FEM,k_ref,alpha_FEM,alpha_theory,ratio_FEM_theory,r_squared,n_regression_points
0.000000,0.000000,k_py,556.164761,556.164761,1.000000,1.000000,1.000000,0.393405,5
0.000000,-0.500000,k_py,2285.306694,2285.306694,1.000000,1.000000,1.000000,0.615817,5
0.000000,-1.000000,k_py,1023.659653,1023.659653,1.000000,1.000000,1.000000,0.183596,5
0.000000,-1.500000,k_py,11446.153016,11446.153016,1.000000,1.000000,1.000000,0.784521,5
0.000000,-2.000000,k_py,7167.900097,7167.900097,1.000000,1.000000,1.000000,0.328377,5
0.000000,-2.500000,k_py,25.445010,25.445010,1.000000,1.000000,1.000000,0.000006,5
0.000000,-3.000000,k_py,4295.612216,4295.612216,1.000000,1.000000,1.000000,0.178279,5
0.000000,-3.500000,k_py,10236.762820,10236.762820,1.000000,1.000000,1.000000,0.739706,5
0.000000,-4.000000,k_py,6379.349251,6379.349251,1.000000,1.000000,1.000000,0.572231,5
0.000000,-4.500000,k_py,17985.581802,17985.581802,1.000000,1.000000,1.000000,0.797068,5
0.000000,-5.000000,k_py,5398.911809,5398.911809,1.000000,1.000000,1.000000,0.274749,5
0.000000,-5.500000,k_py,3024.927406,3024.927406,1.000000,1.000000,1.000000,0.042402,5
0.000000,-6.000000,k_py,4225.307160,4225.307160,1.000000,1.000000,1.000000,0.482664,5
0.000000,-6.500000,k_py,4739.202477,4739.202477,1.000000,1.000000,1.000000,0.090299,5
0.000000,-7.000000,k_py,338.970767,338.970767,1.000000,1.000000,1.000000,0.004416,5
0.000000,-7.500000,k_py,2931.063182,2931.063182,1.000000,1.000000,1.000000,0.055758,5
0.000000,-8.000000,k_py,779.710561,779.710561,1.000000,1.000000,1.000000,0.002687,5
0.000000,-8.500000,k_py,2497.578120,2497.578120,1.000000,1.000000,1.000000,0.013927,5
0.000000,-9.000000,k_py,5942.928856,5942.928856,1.000000,1.000000,1.000000,0.112240,5
0.000000,0.000000,k_tz,177.896511,177.896511,1.000000,1.000000,1.000000,0.603930,5
0.000000,-0.500000,k_tz,118.617695,118.617695,1.000000,1.000000,1.000000,0.625406,5
0.000000,-1.000000,k_tz,559.326370,559.326370,1.000000,1.000000,1.000000,0.718411,5
0.000000,-1.500000,k_tz,583.259125,583.259125,1.000000,1.000000,1.000000,0.800798,5
0.000000,-2.000000,k_tz,805.633652,805.633652,1.000000,1.000000,1.000000,0.132712,5
0.000000,-2.500000,k_tz,1818.548527,1818.548527,1.000000,1.000000,1.000000,0.448369,5
0.000000,-3.000000,k_tz,1948.364277,1948.364277,1.000000,1.000000,1.000000,0.708161,5
0.000000,-3.500000,k_tz,4054.277160,4054.277160,1.000000,1.000000,1.000000,0.804102,5
0.000000,-4.000000,k_tz,229.283817,229.283817,1.000000,1.000000,1.000000,0.096407,5
0.000000,-4.500000,k_tz,2721.425164,2721.425164,1.000000,1.000000,1.000000,0.562543,5
0.000000,-5.000000,k_tz,5656.199613,5656.199613,1.000000,1.000000,1.000000,0.764167,5
0.000000,-5.500000,k_tz,1315.643811,1315.643811,1.000000,1.000000,1.000000,0.342816,5
0.000000,-6.000000,k_tz,4011.991303,4011.991303,1.000000,1.000000,1.000000,0.267747,5
0.000000,-6.500000,k_tz,1182.523335,1182.523335,1.000000,1.000000,1.000000,0.068392,5
0.000000,-7.000000,k_tz,6496.250382,6496.250382,1.000000,1.000000,1.000000,0.811258,5
0.000000,-7.500000,k_tz,6284.402756,6284.402756,1.000000,1.000000,1.000000,0.839204,5
0.000000,-8.000000,k_tz,4222.353288,4222.353288,1.000000,1.000000,1.000000,0.432879,5
0.000000,-8.500000,k_tz,9558.657021,9558.657021,1.000000,1.000000,1.000000,0.917713,5
0.000000,-9.000000,k_tz,3852.451674,3852.451674,1.000000,1.000000,1.000000,0.431149,5
0.500000,0.000000,k_py,2.070890,556.164761,0.003724,0.000000,,0.000048,5
0.500000,-0.500000,k_py,236.685827,2285.306694,0.103569,0.000000,,0.221267,5
0.500000,-1.000000,k_py,6843.064978,1023.659653,6.684903,0.707107,9.453880,0.629963,5
0.500000,-1.500000,k_py,1581.536711,11446.153016,0.138172,0.816497,0.169225,0.042557,5
0.500000,-2.000000,k_py,1355.448861,7167.900097,0.189100,0.866025,0.218354,0.018024,5
0.500000,-2.500000,k_py,5136.721896,25.445010,201.875409,0.894427,225.703569,0.213931,5
0.500000,-3.000000,k_py,5577.314212,4295.612216,1.298375,0.912871,1.422298,0.751532,5
0.500000,-3.500000,k_py,6180.295906,10236.762820,0.603735,0.925820,0.652109,0.783569,5
0.500000,-4.000000,k_py,3500.793833,6379.349251,0.548770,0.935414,0.586660,0.041375,5
0.500000,-4.500000,k_py,11424.244784,17985.581802,0.635189,0.942809,0.673720,0.623082,5
0.500000,-5.000000,k_py,8226.485275,5398.911809,1.523730,0.948683,1.606153,0.152284,5
0.500000,-5.500000,k_py,448.806673,3024.927406,0.148369,0.953463,0.155611,0.000542,5
0.500000,-6.000000,k_py,2944.994267,4225.307160,0.696989,0.957427,0.727982,0.087113,5
0.500000,-6.500000,k_py,8434.209306,4739.202477,1.779668,0.960769,1.852338,0.302148,5
0.500000,-7.000000,k_py,21137.281290,338.970767,62.357240,0.963624,64.711166,0.494664,5
0.500000,-7.500000,k_py,14216.725062,2931.063182,4.850365,0.966092,5.020604,0.476047,5
0.500000,-8.000000,k_py,20449.123649,779.710561,26.226557,0.968246,27.086672,0.926909,5
0.500000,-8.500000,k_py,11777.420352,2497.578120,4.715536,0.970143,4.860664,0.437777,5
0.500000,-9.000000,k_py,703.774029,5942.928856,0.118422,0.971825,0.121855,0.007890,5
0.500000,0.000000,k_tz,16.207045,177.896511,0.091104,0.000000,,0.377223,5
0.500000,-0.500000,k_tz,429.025960,118.617695,3.616880,0.000000,,0.772675,5
0.500000,-1.000000,k_tz,1166.404111,559.326370,2.085373,0.707107,2.949163,0.707922,5
0.500000,-1.500000,k_tz,2230.844852,583.259125,3.824792,0.816497,4.684394,0.377582,5
0.500000,-2.000000,k_tz,315.449967,805.633652,0.391555,0.866025,0.452129,0.162465,5
0.500000,-2.500000,k_tz,312.434695,1818.548527,0.171804,0.894427,0.192083,0.019903,5
0.500000,-3.000000,k_tz,231.448210,1948.364277,0.118791,0.912871,0.130129,0.064062,5
0.500000,-3.500000,k_tz,1773.454117,4054.277160,0.437428,0.925820,0.472476,0.718555,5
0.500000,-4.000000,k_tz,1188.456986,229.283817,5.183344,0.935414,5.541228,0.089244,5
0.500000,-4.500000,k_tz,1097.026118,2721.425164,0.403107,0.942809,0.427560,0.121402,5
0.500000,-5.000000,k_tz,283.534654,5656.199613,0.050128,0.948683,0.052840,0.015647,5
0.500000,-5.500000,k_tz,630.077370,1315.643811,0.478912,0.953463,0.502287,0.030554,5
0.500000,-6.000000,k_tz,1143.849324,4011.991303,0.285108,0.957427,0.297785,0.202839,5
0.500000,-6.500000,k_tz,1530.584509,1182.523335,1.294338,0.960769,1.347189,0.071731,5
0.500000,-7.000000,k_tz,2909.001246,6496.250382,0.447797,0.963624,0.464701,0.641309,5
0.500000,-7.500000,k_tz,3000.990700,6284.402756,0.477530,0.966092,0.494290,0.305184,5
0.500000,-8.000000,k_tz,4815.176763,4222.353288,1.140401,0.968246,1.177801,0.966250,5
0.500000,-8.500000,k_tz,7858.867849,9558.657021,0.822173,0.970143,0.847476,0.802678,5
0.500000,-9.000000,k_tz,2877.483870,3852.451674,0.746923,0.971825,0.768577,0.300949,5
1.000000,0.000000,k_py,0.000000,556.164761,0.000000,0.000000,,0.000000,0
1.000000,-0.500000,k_py,408.241470,2285.306694,0.178637,0.000000,,0.664639,5
1.000000,-1.000000,k_py,155.036999,1023.659653,0.151454,0.000000,,0.001647,5
1.000000,-1.500000,k_py,7700.126577,11446.153016,0.672726,0.577350,1.165196,0.866192,5
1.000000,-2.000000,k_py,5545.318249,7167.900097,0.773632,0.707107,1.094081,0.309833,5
1.000000,-2.500000,k_py,3152.601979,25.445010,123.898632,0.774597,159.952446,0.050477,5
1.000000,-3.000000,k_py,4067.878741,4295.612216,0.946985,0.816497,1.159815,0.177658,5
1.000000,-3.500000,k_py,3964.786109,10236.762820,0.387309,0.845154,0.458270,0.456140,5
1.000000,-4.000000,k_py,4406.229233,6379.349251,0.690702,0.866025,0.797554,0.461041,5
1.000000,-4.500000,k_py,7464.363815,17985.581802,0.415019,0.881917,0.470588,0.264165,5
1.000000,-5.000000,k_py,2704.337385,5398.911809,0.500904,0.894427,0.560028,0.206987,5
1.000000,-5.500000,k_py,9680.961358,3024.927406,3.200395,0.904534,3.538169,0.328137,5
1.000000,-6.000000,k_py,5308.062506,4225.307160,1.256255,0.912871,1.376158,0.204198,5
1.000000,-6.500000,k_py,26599.560185,4739.202477,5.612666,0.919866,6.101611,0.773435,5
1.000000,-7.000000,k_py,1701.295671,338.970767,5.019004,0.925820,5.421144,0.005517,5
1.000000,-7.500000,k_py,14705.685440,2931.063182,5.017185,0.930949,5.389321,0.279494,5
1.000000,-8.000000,k_py,4303.422151,779.710561,5.519256,0.935414,5.900333,0.559364,5
1.000000,-8.500000,k_py,3528.749495,2497.578120,1.412869,0.939336,1.504113,0.029259,5
1.000000,-9.000000,k_py,3423.072015,5942.928856,0.575991,0.942809,0.610930,0.295394,5
1.000000,0.000000,k_tz,0.000000,177.896511,0.000000,0.000000,,0.000000,0
1.000000,-0.500000,k_tz,849.068021,118.617695,7.158022,0.000000,,0.914435,5
1.000000,-1.000000,k_tz,373.837700,559.326370,0.668371,0.000000,,0.149799,5
1.000000,-1.500000,k_tz,423.607472,583.259125,0.726277,0.577350,1.257948,0.066180,5
1.000000,-2.000000,k_tz,2399.024419,805.633652,2.977811,0.707107,4.211260,0.562193,5
1.000000,-2.500000,k_tz,1197.344718,1818.548527,0.658407,0.774597,0.850000,0.300491,5
1.000000,-3.000000,k_tz,223.390824,1948.364277,0.114656,0.816497,0.140424,0.020620,5
1.000000,-3.500000,k_tz,1881.278861,4054.277160,0.464023,0.845154,0.549040,0.607176,5
1.000000,-4.000000,k_tz,2722.530161,229.283817,11.874062,0.866025,13.710985,0.654879,5
1.000000,-4.500000,k_tz,514.513592,2721.425164,0.189060,0.881917,0.214374,0.260802,5
1.000000,-5.000000,k_tz,434.652633,5656.199613,0.076845,0.894427,0.085916,0.435642,5
1.000000,-5.500000,k_tz,1036.239871,1315.643811,0.787629,0.904534,0.870757,0.295109,5
1.000000,-6.000000,k_tz,354.178588,4011.991303,0.088280,0.912871,0.096706,0.027969,5
1.000000,-6.500000,k_tz,799.296904,1182.523335,0.675925,0.919866,0.734808,0.133785,5
1.000000,-7.000000,k_tz,481.931608,6496.250382,0.074186,0.925820,0.080130,0.033559,5
1.000000,-7.500000,k_tz,2710.107296,6284.402756,0.431243,0.930949,0.463230,0.732578,5
1.000000,-8.000000,k_tz,5458.813353,4222.353288,1.292837,0.935414,1.382101,0.766235,5
1.000000,-8.500000,k_tz,6298.435175,9558.657021,0.658925,0.939336,0.701479,0.887493,5
1.000000,-9.000000,k_tz,159.253355,3852.451674,0.041338,0.942809,0.043846,0.002722,5
2.000000,0.000000,k_py,0.000000,556.164761,0.000000,0.000000,,0.000000,0
2.000000,-0.500000,k_py,2514.678314,2285.306694,1.100368,0.000000,,0.441166,5
2.000000,-1.000000,k_py,8757.620899,1023.659653,8.555208,0.000000,,0.691373,5
2.000000,-1.500000,k_py,6191.642158,11446.153016,0.540937,0.000000,,0.571973,5
2.000000,-2.000000,k_py,1238.713782,7167.900097,0.172814,0.000000,,0.037663,5
2.000000,-2.500000,k_py,3591.642581,25.445010,141.153119,0.447214,315.627969,0.691531,5
2.000000,-3.000000,k_py,3303.866833,4295.612216,0.769126,0.577350,1.332165,0.259838,5
2.000000,-3.500000,k_py,12655.780407,10236.762820,1.236307,0.654654,1.888490,0.716996,5
2.000000,-4.000000,k_py,3378.281214,6379.349251,0.529565,0.707107,0.748918,0.275510,5
2.000000,-4.500000,k_py,6431.103450,17985.581802,0.357570,0.745356,0.479730,0.094536,5
2.000000,-5.000000,k_py,763.490658,5398.911809,0.141416,0.774597,0.182567,0.009291,5
2.000000,-5.500000,k_py,5536.183278,3024.927406,1.830187,0.797724,2.294261,0.620428,5
2.000000,-6.000000,k_py,8048.071694,4225.307160,1.904731,0.816497,2.332809,0.737479,5
2.000000,-6.500000,k_py,5027.640368,4739.202477,1.060862,0.832050,1.274998,0.048255,5
2.000000,-7.000000,k_py,202.827526,338.970767,0.598363,0.845154,0.707993,0.000240,5
2.000000,-7.500000,k_py,6435.934337,2931.063182,2.195768,0.856349,2.564104,0.455451,5
2.000000,-8.000000,k_py,9113.657624,779.710561,11.688514,0.866025,13.496733,0.178906,5
2.000000,-8.500000,k_py,308.803779,2497.578120,0.123641,0.874475,0.141389,0.001053,5
2.000000,-9.000000,k_py,11605.249033,5942.928856,1.952783,0.881917,2.214248,0.823851,5
2.000000,0.000000,k_tz,0.000000,177.896511,0.000000,0.000000,,0.000000,0
2.000000,-0.500000,k_tz,1115.159266,118.617695,9.401289,0.000000,,0.902920,5
2.000000,-1.000000,k_tz,0.000000,559.326370,0.000000,0.000000,,0.000000,0
2.000000,-1.500000,k_tz,1448.473835,583.259125,2.483414,0.000000,,0.956610,5
2.000000,-2.000000,k_tz,1725.856998,805.633652,2.142235,0.000000,,0.391546,4
2.000000,-2.500000,k_tz,354.734363,1818.548527,0.195065,0.447214,0.436178,0.706421,5
2.000000,-3.000000,k_tz,753.701978,1948.364277,0.386838,0.577350,0.670024,0.061726,5
2.000000,-3.500000,k_tz,2216.263646,4054.277160,0.546648,0.654654,0.835019,0.726520,5
2.000000,-4.000000,k_tz,70.955030,229.283817,0.309464,0.707107,0.437648,0.000271,5
2.000000,-4.500000,k_tz,6766.715180,2721.425164,2.486460,0.745356,3.335936,0.336618,5
2.000000,-5.000000,k_tz,709.497175,5656.199613,0.125437,0.774597,0.161939,0.423693,5
2.000000,-5.500000,k_tz,1175.221319,1315.643811,0.893267,0.797724,1.119770,0.035130,5
2.000000,-6.000000,k_tz,2469.299659,4011.991303,0.615480,0.816497,0.753806,0.480996,5
2.000000,-6.500000,k_tz,1426.730635,1182.523335,1.206514,0.832050,1.450049,0.220241,5
2.000000,-7.000000,k_tz,4129.111028,6496.250382,0.635615,0.845154,0.752069,0.141192,5
2.000000,-7.500000,k_tz,1738.062376,6284.402756,0.276568,0.856349,0.322961,0.189495,5
2.000000,-8.000000,k_tz,449.388475,4222.353288,0.106431,0.866025,0.122896,0.262110,5
2.000000,-8.500000,k_tz,974.772346,9558.657021,0.101978,0.874475,0.116616,0.071058,5
2.000000,-9.000000,k_tz,2885.416385,3852.451674,0.748982,0.881917,0.849266,0.438254,5
2.500000,0.000000,k_py,38.713473,556.164761,0.069608,0.000000,,0.543001,5
2.500000,-0.500000,k_py,42.773576,2285.306694,0.018717,0.000000,,0.006018,5
2.500000,-1.000000,k_py,1388.054640,1023.659653,1.355973,0.000000,,0.985315,5
2.500000,-1.500000,k_py,2977.366017,11446.153016,0.260119,0.000000,,0.750885,5
2.500000,-2.000000,k_py,10298.866186,7167.900097,1.436804,0.000000,,0.625176,5
2.500000,-2.500000,k_py,3115.456161,25.445010,122.438785,0.000000,,0.201078,5
2.500000,-3.000000,k_py,6807.622592,4295.612216,1.584785,0.408248,3.881915,0.705478,5
2.500000,-3.500000,k_py,9007.141367,10236.762820,0.879882,0.534522,1.646108,0.496177,5
2.500000,-4.000000,k_py,16639.670441,6379.349251,2.608365,0.612372,4.259442,0.724205,5
2.500000,-4.500000,k_py,18812.157309,17985.581802,1.045958,0.666667,1.568937,0.682534,5
2.500000,-5.000000,k_py,328.538279,5398.911809,0.060853,0.707107,0.086059,0.000206,5
2.500000,-5.500000,k_py,2846.970870,3024.927406,0.941170,0.738549,1.274350,0.075622,5
2.500000,-6.000000,k_py,1398.629810,4225.307160,0.331013,0.763763,0.433397,0.022878,5
2.500000,-6.500000,k_py,13218.333782,4739.202477,2.789147,0.784465,3.555479,0.533528,5
2.500000,-7.000000,k_py,29024.465888,338.970767,85.625277,0.801784,106.793484,0.523436,5
2.500000,-7.500000,k_py,730.551607,2931.063182,0.249245,0.816497,0.305261,0.003268,5
2.500000,-8.000000,k_py,779.872435,779.710561,1.000208,0.829156,1.206296,0.014967,5
2.500000,-8.500000,k_py,17673.206672,2497.578120,7.076138,0.840168,8.422288,0.777628,5
2.500000,-9.000000,k_py,1146.121659,5942.928856,0.192855,0.849837,0.226931,0.040528,5
2.500000,0.000000,k_tz,0.000000,177.896511,0.000000,0.000000,,0.000000,0
2.500000,-0.500000,k_tz,269.960771,118.617695,2.275890,0.000000,,0.693306,5
2.500000,-1.000000,k_tz,303.573071,559.326370,0.542748,0.000000,,0.759067,5
2.500000,-1.500000,k_tz,2296.087755,583.259125,3.936651,0.000000,,0.478094,4
2.500000,-2.000000,k_tz,1153.305567,805.633652,1.431551,0.000000,,0.902132,5
2.500000,-2.500000,k_tz,1331.438364,1818.548527,0.732143,0.000000,,0.148560,5
2.500000,-3.000000,k_tz,21.985920,1948.364277,0.011284,0.408248,0.027641,0.000187,5
2.500000,-3.500000,k_tz,2666.205122,4054.277160,0.657628,0.534522,1.230309,0.683401,5
2.500000,-4.000000,k_tz,7508.394056,229.283817,32.747161,0.612372,53.475890,0.519760,4
2.500000,-4.500000,k_tz,1497.671816,2721.425164,0.550326,0.666667,0.825489,0.445812,5
2.500000,-5.000000,k_tz,1270.967466,5656.199613,0.224703,0.707107,0.317779,0.218298,5
2.500000,-5.500000,k_tz,2152.694992,1315.643811,1.636229,0.738549,2.215465,0.057333,5
2.500000,-6.000000,k_tz,522.406075,4011.991303,0.130211,0.763763,0.170486,0.050508,5
2.500000,-6.500000,k_tz,3168.773018,1182.523335,2.679671,0.784465,3.415923,0.181463,5
2.500000,-7.000000,k_tz,2957.488045,6496.250382,0.455261,0.801784,0.567810,0.283046,5
2.500000,-7.500000,k_tz,641.510592,6284.402756,0.102080,0.816497,0.125022,0.118904,5
2.500000,-8.000000,k_tz,1808.665189,4222.353288,0.428355,0.829156,0.516615,0.933333,5
2.500000,-8.500000,k_tz,4684.209814,9558.657021,0.490049,0.840168,0.583275,0.831238,5
2.500000,-9.000000,k_tz,1564.881770,3852.451674,0.406204,0.849837,0.477979,0.421333,5
3.000000,0.000000,k_py,0.000000,556.164761,0.000000,0.000000,,0.000000,0
3.000000,-0.500000,k_py,1450.328962,2285.306694,0.634632,0.000000,,0.726660,5
3.000000,-1.000000,k_py,837.422843,1023.659653,0.818068,0.000000,,0.562492,5
3.000000,-1.500000,k_py,359.341808,11446.153016,0.031394,0.000000,,0.957214,4
3.000000,-2.000000,k_py,1483.079196,7167.900097,0.206906,0.000000,,0.404268,5
3.000000,-2.500000,k_py,3521.503726,25.445010,138.396631,0.000000,,0.859648,5
3.000000,-3.000000,k_py,1756.339375,4295.612216,0.408868,0.000000,,0.096456,5
3.000000,-3.500000,k_py,8047.610975,10236.762820,0.786148,0.377964,2.079952,0.914965,5
3.000000,-4.000000,k_py,8430.980101,6379.349251,1.321605,0.500000,2.643210,0.468471,5
3.000000,-4.500000,k_py,6678.928812,17985.581802,0.371349,0.577350,0.643195,0.290101,5
3.000000,-5.000000,k_py,6282.816879,5398.911809,1.163719,0.632456,1.840001,0.122627,5
3.000000,-5.500000,k_py,3953.641369,3024.927406,1.307020,0.674200,1.938624,0.474859,5
3.000000,-6.000000,k_py,13606.614073,4225.307160,3.220266,0.707107,4.554144,0.896033,5
3.000000,-6.500000,k_py,10156.702162,4739.202477,2.143125,0.733799,2.920587,0.698358,5
3.000000,-7.000000,k_py,11255.203558,338.970767,33.204054,0.755929,43.924834,0.408840,5
3.000000,-7.500000,k_py,1824.525133,2931.063182,0.622479,0.774597,0.803617,0.051277,5
3.000000,-8.000000,k_py,4554.447287,779.710561,5.841203,0.790569,7.388602,0.162995,5
3.000000,-8.500000,k_py,18569.332984,2497.578120,7.434936,0.804400,9.242838,0.412599,5
3.000000,-9.000000,k_py,18149.875395,5942.928856,3.054029,0.816497,3.740406,0.753825,5
3.000000,0.000000,k_tz,0.000000,177.896511,0.000000,0.000000,,0.000000,0
3.000000,-0.500000,k_tz,45.700608,118.617695,0.385276,0.000000,,0.073298,5
3.000000,-1.000000,k_tz,1773.051032,559.326370,3.169976,0.000000,,0.682780,5
3.000000,-1.500000,k_tz,1163.377626,583.259125,1.994615,0.000000,,0.726291,5
3.000000,-2.000000,k_tz,3201.487372,805.633652,3.973875,0.000000,,0.856792,5
3.000000,-2.500000,k_tz,1203.269789,1818.548527,0.661665,0.000000,,0.576214,5
3.000000,-3.000000,k_tz,786.335702,1948.364277,0.403588,0.000000,,0.504134,4
3.000000,-3.500000,k_tz,261.975361,4054.277160,0.064617,0.377964,0.170961,0.013615,5
3.000000,-4.000000,k_tz,1726.324544,229.283817,7.529204,0.500000,15.058407,0.546806,5
3.000000,-4.500000,k_tz,1926.606100,2721.425164,0.707940,0.577350,1.226188,0.338992,5
3.000000,-5.000000,k_tz,4728.350872,5656.199613,0.835959,0.632456,1.321767,0.578774,5
3.000000,-5.500000,k_tz,5844.845264,1315.643811,4.442574,0.674200,6.589402,0.635471,5
3.000000,-6.000000,k_tz,1852.604471,4011.991303,0.461767,0.707107,0.653037,0.078033,5
3.000000,-6.500000,k_tz,3591.392937,1182.523335,3.037059,0.733799,4.138814,0.735728,5
3.000000,-7.000000,k_tz,3433.162734,6496.250382,0.528484,0.755929,0.699118,0.718800,5
3.000000,-7.500000,k_tz,1393.462301,6284.402756,0.221733,0.774597,0.286257,0.666450,5
3.000000,-8.000000,k_tz,642.222084,4222.353288,0.152101,0.790569,0.192394,0.034892,5
3.000000,-8.500000,k_tz,1347.379079,9558.657021,0.140959,0.804400,0.175235,0.206374,5
3.000000,-9.000000,k_tz,2530.977347,3852.451674,0.656978,0.816497,0.804631,0.624909,5
3.500000,0.000000,k_py,0.000000,556.164761,0.000000,0.000000,,0.000000,0
3.500000,-0.500000,k_py,2505.210862,2285.306694,1.096225,0.000000,,0.751942,5
3.500000,-1.000000,k_py,4018.102798,1023.659653,3.925233,0.000000,,0.127355,5
3.500000,-1.500000,k_py,6666.829037,11446.153016,0.582452,0.000000,,0.152442,5
3.500000,-2.000000,k_py,5871.671999,7167.900097,0.819162,0.000000,,0.418768,5
3.500000,-2.500000,k_py,8440.371005,25.445010,331.710259,0.000000,,0.782191,5
3.500000,-3.000000,k_py,15440.153811,4295.612216,3.594401,0.000000,,0.772254,5
3.500000,-3.500000,k_py,3278.363145,10236.762820,0.320254,0.000000,,0.617304,5
3.500000,-4.000000,k_py,6304.393638,6379.349251,0.988250,0.353553,2.795194,0.085229,5
3.500000,-4.500000,k_py,7738.772116,17985.581802,0.430276,0.471405,0.912754,0.238678,5
3.500000,-5.000000,k_py,408.176414,5398.911809,0.075603,0.547723,0.138032,0.000299,5
3.500000,-5.500000,k_py,4590.978900,3024.927406,1.517715,0.603023,2.516846,0.008901,5
3.500000,-6.000000,k_py,11551.219270,4225.307160,2.733818,0.645497,4.235212,0.351626,5
3.500000,-6.500000,k_py,9071.607830,4739.202477,1.914163,0.679366,2.817572,0.120337,5
3.500000,-7.000000,k_py,1216.538343,338.970767,3.588918,0.707107,5.075497,0.015522,5
3.500000,-7.500000,k_py,20161.800313,2931.063182,6.878665,0.730297,9.418999,0.794125,5
3.500000,-8.000000,k_py,95.420982,779.710561,0.122380,0.750000,0.163173,0.000640,5
3.500000,-8.500000,k_py,8674.611470,2497.578120,3.473209,0.766965,4.528511,0.846854,5
3.500000,-9.000000,k_py,6455.968934,5942.928856,1.086328,0.781736,1.389635,0.287747,5
3.500000,0.000000,k_tz,0.000000,177.896511,0.000000,0.000000,,0.000000,0
3.500000,-0.500000,k_tz,843.097892,118.617695,7.107691,0.000000,,0.765801,5
3.500000,-1.000000,k_tz,638.197305,559.326370,1.141011,0.000000,,0.714165,5
3.500000,-1.500000,k_tz,372.463432,583.259125,0.638590,0.000000,,0.917039,5
3.500000,-2.000000,k_tz,0.000000,805.633652,0.000000,0.000000,,0.000000,0
3.500000,-2.500000,k_tz,975.274590,1818.548527,0.536293,0.000000,,0.913457,5
3.500000,-3.000000,k_tz,938.791713,1948.364277,0.481836,0.000000,,0.997621,5
3.500000,-3.500000,k_tz,377.507429,4054.277160,0.093113,0.000000,,0.617220,4
3.500000,-4.000000,k_tz,1527.943701,229.283817,6.663984,0.353553,18.848593,0.422232,5
3.500000,-4.500000,k_tz,143.798826,2721.425164,0.052840,0.471405,0.112090,0.024796,5
3.500000,-5.000000,k_tz,1677.240962,5656.199613,0.296531,0.547723,0.541390,0.258391,5
3.500000,-5.500000,k_tz,457.427818,1315.643811,0.347684,0.603023,0.576568,0.088370,5
3.500000,-6.000000,k_tz,1093.160266,4011.991303,0.272473,0.645497,0.422114,0.504820,5
3.500000,-6.500000,k_tz,1032.376131,1182.523335,0.873028,0.679366,1.285063,0.125418,5
3.500000,-7.000000,k_tz,3682.664187,6496.250382,0.566891,0.707107,0.801705,0.576008,5
3.500000,-7.500000,k_tz,4608.677276,6284.402756,0.733352,0.730297,1.004183,0.862949,5
3.500000,-8.000000,k_tz,3705.059809,4222.353288,0.877487,0.750000,1.169983,0.769763,5
3.500000,-8.500000,k_tz,689.427945,9558.657021,0.072126,0.766965,0.094041,0.033365,5
3.500000,-9.000000,k_tz,630.456930,3852.451674,0.163651,0.781736,0.209343,0.070662,5
4.000000,0.000000,k_py,0.000000,556.164761,0.000000,0.000000,,0.000000,0
4.000000,-0.500000,k_py,1580.733154,2285.306694,0.691694,0.000000,,0.580419,5
4.000000,-1.000000,k_py,5874.257740,1023.659653,5.738487,0.000000,,0.423321,5
4.000000,-1.500000,k_py,5371.236838,11446.153016,0.469261,0.000000,,0.686626,5
4.000000,-2.000000,k_py,4866.471338,7167.900097,0.678926,0.000000,,0.090580,5
4.000000,-2.500000,k_py,4830.743046,25.445010,189.850307,0.000000,,0.033104,5
4.000000,-3.000000,k_py,3684.923894,4295.612216,0.857834,0.000000,,0.029807,5
4.000000,-3.500000,k_py,2302.509666,10236.762820,0.224926,0.000000,,0.018346,5
4.000000,-4.000000,k_py,1779.076998,6379.349251,0.278881,0.000000,,0.284561,5
4.000000,-4.500000,k_py,3199.259642,17985.581802,0.177879,0.333333,0.533637,0.080354,5
4.000000,-5.000000,k_py,10531.043528,5398.911809,1.950586,0.447214,4.361644,0.274406,5
4.000000,-5.500000,k_py,26181.448470,3024.927406,8.655232,0.522233,16.573507,0.769725,5
4.000000,-6.000000,k_py,5152.738451,4225.307160,1.219494,0.577350,2.112226,0.090477,5
4.000000,-6.500000,k_py,14602.277803,4739.202477,3.081168,0.620174,4.968234,0.588821,5
4.000000,-7.000000,k_py,6854.438752,338.970767,20.221327,0.654654,30.888587,0.120765,5
4.000000,-7.500000,k_py,356.972707,2931.063182,0.121789,0.683130,0.178282,0.000677,5
4.000000,-8.000000,k_py,12397.614268,779.710561,15.900277,0.707107,22.486388,0.745042,5
4.000000,-8.500000,k_py,12233.179643,2497.578120,4.898017,0.727607,6.731680,0.768789,5
4.000000,-9.000000,k_py,5391.708298,5942.928856,0.907248,0.745356,1.217200,0.718473,5
4.000000,0.000000,k_tz,0.000000,177.896511,0.000000,0.000000,,0.000000,0
4.000000,-0.500000,k_tz,733.861779,118.617695,6.186782,0.000000,,0.892846,5
4.000000,-1.000000,k_tz,0.000000,559.326370,0.000000,0.000000,,0.000000,0
4.000000,-1.500000,k_tz,1363.643589,583.259125,2.337972,0.000000,,0.749206,5
4.000000,-2.000000,k_tz,0.000000,805.633652,0.000000,0.000000,,0.000000,0
4.000000,-2.500000,k_tz,1366.927267,1818.548527,0.751658,0.000000,,0.444166,5
4.000000,-3.000000,k_tz,2628.018084,1948.364277,1.348833,0.000000,,0.535397,4
4.000000,-3.500000,k_tz,631.564409,4054.277160,0.155777,0.000000,,0.208579,5
4.000000,-4.000000,k_tz,376.739876,229.283817,1.643116,0.000000,,1.000000,2
4.000000,-4.500000,k_tz,1266.884530,2721.425164,0.465522,0.333333,1.396567,0.187845,5
4.000000,-5.000000,k_tz,326.066270,5656.199613,0.057648,0.447214,0.128904,0.010906,5
4.000000,-5.500000,k_tz,3397.314519,1315.643811,2.582245,0.522233,4.944623,0.340809,5
4.000000,-6.000000,k_tz,1366.760238,4011.991303,0.340669,0.577350,0.590056,0.486377,5
4.000000,-6.500000,k_tz,3122.542836,1182.523335,2.640576,0.620174,4.257801,0.172561,5
4.000000,-7.000000,k_tz,3251.410692,6496.250382,0.500506,0.654654,0.764535,0.645160,5
4.000000,-7.500000,k_tz,1899.275870,6284.402756,0.302221,0.683130,0.442406,0.481030,5
4.000000,-8.000000,k_tz,3623.280013,4222.353288,0.858119,0.707107,1.213563,0.825004,5
4.000000,-8.500000,k_tz,3520.896715,9558.657021,0.368346,0.727607,0.506244,0.699053,5
4.000000,-9.000000,k_tz,5968.416458,3852.451674,1.549251,0.745356,2.078539,0.831228,5
